,City,Country,ForecastTime,Outlook,Temperature,Clouds,Rain,Snow,WindSpeed,DateInformation
0,Baden-Baden,DE,2022-06-15 12:00:00,clear sky,26.58,2,0,0,2.51,15/06/2022 12:09:46
1,Baden-Baden,DE,2022-06-15 15:00:00,clear sky,27.73,0,0,0,1.53,15/06/2022 12:09:46
2,Baden-Baden,DE,2022-06-15 18:00:00,clear sky,25.32,0,0,0,0.47,15/06/2022 12:09:46
3,Baden-Baden,DE,2022-06-15 21:00:00,clear sky,20.56,0,0,0,2.64,15/06/2022 12:09:46
4,Baden-Baden,DE,2022-06-16 00:00:00,clear sky,19.22,3,0,0,1.92,15/06/2022 12:09:46
5,Baden-Baden,DE,2022-06-16 03:00:00,scattered clouds,17.72,30,0,0,1.69,15/06/2022 12:09:46
6,Baden-Baden,DE,2022-06-16 06:00:00,scattered clouds,21.17,26,0,0,1.89,15/06/2022 12:09:46
7,Baden-Baden,DE,2022-06-16 09:00:00,scattered clouds,24.08,48,0,0,3.03,15/06/2022 12:09:46
8,Baden-Baden,DE,2022-06-16 12:00:00,scattered clouds,27.26,49,0,0,2.98,15/06/2022 12:09:46
9,Baden-Baden,DE,2022-06-16 15:00:00,scattered clouds,28.23,48,0,0,3.56,15/06/2022 12:09:46
10,Baden-Baden,DE,2022-06-16 18:00:00,broken clouds,24.06,66,0,0,1.27,15/06/2022 12:09:46
11,Baden-Baden,DE,2022-06-16 21:00:00,overcast clouds,18.8,95,0,0,1.81,15/06/2022 12:09:46
12,Baden-Baden,DE,2022-06-17 00:00:00,broken clouds,16.63,76,0,0,1.83,15/06/2022 12:09:46
13,Baden-Baden,DE,2022-06-17 03:00:00,overcast clouds,15.97,95,0,0,1.43,15/06/2022 12:09:46
14,Baden-Baden,DE,2022-06-17 06:00:00,overcast clouds,19.24,97,0,0,0.67,15/06/2022 12:09:46
15,Baden-Baden,DE,2022-06-17 09:00:00,overcast clouds,24.28,100,0,0,1.78,15/06/2022 12:09:46
16,Baden-Baden,DE,2022-06-17 12:00:00,overcast clouds,25.97,100,0,0,2.55,15/06/2022 12:09:46
17,Baden-Baden,DE,2022-06-17 15:00:00,overcast clouds,27.57,100,0,0,2.07,15/06/2022 12:09:46
18,Baden-Baden,DE,2022-06-17 18:00:00,broken clouds,24.26,81,0,0,0.85,15/06/2022 12:09:46
19,Baden-Baden,DE,2022-06-17 21:00:00,overcast clouds,19.72,89,0,0,2.4,15/06/2022 12:09:46
20,Baden-Baden,DE,2022-06-18 00:00:00,overcast clouds,18.64,85,0,0,2.11,15/06/2022 12:09:46
21,Baden-Baden,DE,2022-06-18 03:00:00,overcast clouds,18.24,96,0,0,1.65,15/06/2022 12:09:46
22,Baden-Baden,DE,2022-06-18 06:00:00,broken clouds,22.66,62,0,0,0.3,15/06/2022 12:09:46
23,Baden-Baden,DE,2022-06-18 09:00:00,few clouds,28.52,15,0,0,1.69,15/06/2022 12:09:46
24,Baden-Baden,DE,2022-06-18 12:00:00,clear sky,32.58,8,0,0,2.12,15/06/2022 12:09:46
25,Baden-Baden,DE,2022-06-18 15:00:00,clear sky,33.75,0,0,0,2.27,15/06/2022 12:09:46
26,Baden-Baden,DE,2022-06-18 18:00:00,clear sky,28.5,0,0,0,2.11,15/06/2022 12:09:46
27,Baden-Baden,DE,2022-06-18 21:00:00,clear sky,22.68,0,0,0,3.33,15/06/2022 12:09:46
28,Baden-Baden,DE,2022-06-19 00:00:00,clear sky,20.91,0,0,0,2.88,15/06/2022 12:09:46
29,Baden-Baden,DE,2022-06-19 03:00:00,clear sky,19.69,0,0,0,2.2,15/06/2022 12:09:46
30,Baden-Baden,DE,2022-06-19 06:00:00,clear sky,24.98,0,0,0,1.51,15/06/2022 12:09:46
31,Baden-Baden,DE,2022-06-19 09:00:00,clear sky,30.51,0,0,0,3.93,15/06/2022 12:09:46
32,Baden-Baden,DE,2022-06-19 12:00:00,clear sky,33.9,0,0,0,5.76,15/06/2022 12:09:46
33,Baden-Baden,DE,2022-06-19 15:00:00,clear sky,33.83,0,0,0,4.98,15/06/2022 12:09:46
34,Baden-Baden,DE,2022-06-19 18:00:00,clear sky,29.11,1,0,0,2.09,15/06/2022 12:09:46
35,Baden-Baden,DE,2022-06-19 21:00:00,light rain,21.11,37,0.44,0,10.55,15/06/2022 12:09:46
36,Baden-Baden,DE,2022-06-20 00:00:00,light rain,17.0,68,1.75,0,2.12,15/06/2022 12:09:46
37,Baden-Baden,DE,2022-06-20 03:00:00,light rain,17.36,74,1.25,0,3.42,15/06/2022 12:09:46
38,Baden-Baden,DE,2022-06-20 06:00:00,light rain,18.05,71,0.69,0,5.49,15/06/2022 12:09:46
39,Baden-Baden,DE,2022-06-20 09:00:00,light rain,16.82,94,0.5,0,4.24,15/06/2022 12:09:46
40,Berlin,DE,2022-06-15 12:00:00,clear sky,23.59,3,0,0,0.36,15/06/2022 12:09:46
41,Berlin,DE,2022-06-15 15:00:00,scattered clouds,25.07,26,0,0,0.98,15/06/2022 12:09:46
42,Berlin,DE,2022-06-15 18:00:00,broken clouds,24.12,65,0,0,2.42,15/06/2022 12:09:46
43,Berlin,DE,2022-06-15 21:00:00,scattered clouds,18.84,44,0,0,2.61,15/06/2022 12:09:46
44,Berlin,DE,2022-06-16 00:00:00,scattered clouds,16.17,28,0,0,2.23,15/06/2022 12:09:46
45,Berlin,DE,2022-06-16 03:00:00,overcast clouds,14.7,96,0,0,1.83,15/06/2022 12:09:46
46,Berlin,DE,2022-06-16 06:00:00,overcast clouds,16.83,98,0,0,3.52,15/06/2022 12:09:46
47,Berlin,DE,2022-06-16 09:00:00,overcast clouds,21.36,100,0,0,3.92,15/06/2022 12:09:46
48,Berlin,DE,2022-06-16 12:00:00,overcast clouds,24.32,95,0,0,4.23,15/06/2022 12:09:46
49,Berlin,DE,2022-06-16 15:00:00,broken clouds,23.82,71,0,0,5.49,15/06/2022 12:09:46
50,Berlin,DE,2022-06-16 18:00:00,scattered clouds,20.61,39,0,0,4.79,15/06/2022 12:09:46
51,Berlin,DE,2022-06-16 21:00:00,few clouds,16.23,13,0,0,2.82,15/06/2022 12:09:46
52,Berlin,DE,2022-06-17 00:00:00,scattered clouds,14.72,45,0,0,2.23,15/06/2022 12:09:46
53,Berlin,DE,2022-06-17 03:00:00,overcast clouds,13.38,98,0,0,2.37,15/06/2022 12:09:46
54,Berlin,DE,2022-06-17 06:00:00,broken clouds,16.52,82,0,0,3.57,15/06/2022 12:09:46
55,Berlin,DE,2022-06-17 09:00:00,scattered clouds,21.15,29,0,0,3.16,15/06/2022 12:09:46
56,Berlin,DE,2022-06-17 12:00:00,broken clouds,24.78,58,0,0,2.08,15/06/2022 12:09:46
57,Berlin,DE,2022-06-17 15:00:00,overcast clouds,25.52,97,0,0,3.1,15/06/2022 12:09:46
58,Berlin,DE,2022-06-17 18:00:00,overcast clouds,23.76,98,0,0,1.8,15/06/2022 12:09:46
59,Berlin,DE,2022-06-17 21:00:00,overcast clouds,21.85,100,0,0,0.4,15/06/2022 12:09:46
60,Berlin,DE,2022-06-18 00:00:00,overcast clouds,20.95,100,0,0,2.22,15/06/2022 12:09:46
61,Berlin,DE,2022-06-18 03:00:00,scattered clouds,18.33,50,0,0,2.97,15/06/2022 12:09:46
62,Berlin,DE,2022-06-18 06:00:00,scattered clouds,22.39,39,0,0,4.48,15/06/2022 12:09:46
63,Berlin,DE,2022-06-18 09:00:00,clear sky,28.98,5,0,0,5.08,15/06/2022 12:09:46
64,Berlin,DE,2022-06-18 12:00:00,few clouds,31.89,15,0,0,6.05,15/06/2022 12:09:46
65,Berlin,DE,2022-06-18 15:00:00,scattered clouds,32.5,27,0,0,5.03,15/06/2022 12:09:46
66,Berlin,DE,2022-06-18 18:00:00,few clouds,30.25,21,0,0,3.25,15/06/2022 12:09:46
67,Berlin,DE,2022-06-18 21:00:00,clear sky,23.82,2,0,0,2.97,15/06/2022 12:09:46
68,Berlin,DE,2022-06-19 00:00:00,light rain,21.24,25,0.22,0,1.89,15/06/2022 12:09:46
69,Berlin,DE,2022-06-19 03:00:00,light rain,20.02,100,0.15,0,1.69,15/06/2022 12:09:46
70,Berlin,DE,2022-06-19 06:00:00,overcast clouds,24.72,90,0,0,4.42,15/06/2022 12:09:46
71,Berlin,DE,2022-06-19 09:00:00,scattered clouds,32.27,37,0,0,5.88,15/06/2022 12:09:46
72,Berlin,DE,2022-06-19 12:00:00,few clouds,35.85,24,0,0,5.28,15/06/2022 12:09:46
73,Berlin,DE,2022-06-19 15:00:00,scattered clouds,34.78,35,0,0,6.7,15/06/2022 12:09:46
74,Berlin,DE,2022-06-19 18:00:00,few clouds,25.18,24,0,0,4.38,15/06/2022 12:09:46
75,Berlin,DE,2022-06-19 21:00:00,light rain,16.99,58,0.77,0,4.66,15/06/2022 12:09:46
76,Berlin,DE,2022-06-20 00:00:00,light rain,15.46,75,2.99,0,3.05,15/06/2022 12:09:46
77,Berlin,DE,2022-06-20 03:00:00,light rain,14.1,100,2.25,0,2.4,15/06/2022 12:09:46
78,Berlin,DE,2022-06-20 06:00:00,moderate rain,12.47,100,4.44,0,3.84,15/06/2022 12:09:46
79,Berlin,DE,2022-06-20 09:00:00,light rain,12.13,100,2.04,0,3.95,15/06/2022 12:09:46
80,Bonn,DE,2022-06-15 12:00:00,clear sky,25.48,3,0,0,2.01,15/06/2022 12:09:46
81,Bonn,DE,2022-06-15 15:00:00,clear sky,26.97,1,0,0,2.64,15/06/2022 12:09:46
82,Bonn,DE,2022-06-15 18:00:00,clear sky,24.73,5,0,0,3.08,15/06/2022 12:09:46
83,Bonn,DE,2022-06-15 21:00:00,scattered clouds,18.21,38,0,0,1.25,15/06/2022 12:09:46
84,Bonn,DE,2022-06-16 00:00:00,broken clouds,15.52,57,0,0,0.8,15/06/2022 12:09:46
85,Bonn,DE,2022-06-16 03:00:00,scattered clouds,13.95,50,0,0,1.44,15/06/2022 12:09:46
86,Bonn,DE,2022-06-16 06:00:00,scattered clouds,17.5,26,0,0,2.17,15/06/2022 12:09:46
87,Bonn,DE,2022-06-16 09:00:00,clear sky,23.04,9,0,0,3.4,15/06/2022 12:09:46
88,Bonn,DE,2022-06-16 12:00:00,clear sky,25.69,9,0,0,3.98,15/06/2022 12:09:46
89,Bonn,DE,2022-06-16 15:00:00,few clouds,26.0,16,0,0,3.91,15/06/2022 12:09:46
90,Bonn,DE,2022-06-16 18:00:00,few clouds,22.98,15,0,0,2.63,15/06/2022 12:09:46
91,Bonn,DE,2022-06-16 21:00:00,broken clouds,16.34,81,0,0,0.74,15/06/2022 12:09:46
92,Bonn,DE,2022-06-17 00:00:00,overcast clouds,14.63,89,0,0,1.36,15/06/2022 12:09:46
93,Bonn,DE,2022-06-17 03:00:00,overcast clouds,14.37,100,0,0,1.37,15/06/2022 12:09:46
94,Bonn,DE,2022-06-17 06:00:00,overcast clouds,18.12,97,0,0,1.86,15/06/2022 12:09:46
95,Bonn,DE,2022-06-17 09:00:00,overcast clouds,23.19,100,0,0,1.77,15/06/2022 12:09:46
96,Bonn,DE,2022-06-17 12:00:00,overcast clouds,28.04,100,0,0,0.97,15/06/2022 12:09:46
97,Bonn,DE,2022-06-17 15:00:00,overcast clouds,29.91,93,0,0,1.51,15/06/2022 12:09:46
98,Bonn,DE,2022-06-17 18:00:00,overcast clouds,27.57,92,0,0,1.17,15/06/2022 12:09:46
99,Bonn,DE,2022-06-17 21:00:00,broken clouds,21.47,82,0,0,1.86,15/06/2022 12:09:46
100,Bonn,DE,2022-06-18 00:00:00,overcast clouds,19.57,87,0,0,2.09,15/06/2022 12:09:46
101,Bonn,DE,2022-06-18 03:00:00,overcast clouds,18.34,100,0,0,2.12,15/06/2022 12:09:46
102,Bonn,DE,2022-06-18 06:00:00,broken clouds,22.87,52,0,0,1.59,15/06/2022 12:09:46
103,Bonn,DE,2022-06-18 09:00:00,clear sky,30.48,7,0,0,1.65,15/06/2022 12:09:46
104,Bonn,DE,2022-06-18 12:00:00,clear sky,34.2,7,0,0,2.17,15/06/2022 12:09:46
105,Bonn,DE,2022-06-18 15:00:00,clear sky,34.94,3,0,0,2.11,15/06/2022 12:09:46
106,Bonn,DE,2022-06-18 18:00:00,clear sky,31.94,4,0,0,2.48,15/06/2022 12:09:46
107,Bonn,DE,2022-06-18 21:00:00,clear sky,24.9,3,0,0,1.55,15/06/2022 12:09:46
108,Bonn,DE,2022-06-19 00:00:00,clear sky,22.43,2,0,0,1.74,15/06/2022 12:09:46
109,Bonn,DE,2022-06-19 03:00:00,few clouds,20.29,12,0,0,2.54,15/06/2022 12:09:46
110,Bonn,DE,2022-06-19 06:00:00,few clouds,24.08,20,0,0,1.75,15/06/2022 12:09:46
111,Bonn,DE,2022-06-19 09:00:00,scattered clouds,29.17,31,0,0,3.38,15/06/2022 12:09:46
112,Bonn,DE,2022-06-19 12:00:00,scattered clouds,30.02,25,0,0,4.69,15/06/2022 12:09:46
113,Bonn,DE,2022-06-19 15:00:00,clear sky,29.12,9,0,0,4.44,15/06/2022 12:09:46
114,Bonn,DE,2022-06-19 18:00:00,light rain,20.14,9,2.52,0,4.75,15/06/2022 12:09:46
115,Bonn,DE,2022-06-19 21:00:00,light rain,16.45,91,2.28,0,2.6,15/06/2022 12:09:46
116,Bonn,DE,2022-06-20 00:00:00,light rain,15.61,96,2.65,0,2.59,15/06/2022 12:09:46
117,Bonn,DE,2022-06-20 03:00:00,light rain,12.72,100,0.88,0,4.13,15/06/2022 12:09:46
118,Bonn,DE,2022-06-20 06:00:00,light rain,11.23,100,1.14,0,4.32,15/06/2022 12:09:46
119,Bonn,DE,2022-06-20 09:00:00,light rain,13.03,100,0.91,0,3.83,15/06/2022 12:09:46
120,Bremen,DE,2022-06-15 12:00:00,scattered clouds,20.26,26,0,0,1.43,15/06/2022 12:09:46
121,Bremen,DE,2022-06-15 15:00:00,broken clouds,20.78,70,0,0,3.48,15/06/2022 12:09:46
122,Bremen,DE,2022-06-15 18:00:00,broken clouds,17.52,79,0,0,4.38,15/06/2022 12:09:46
123,Bremen,DE,2022-06-15 21:00:00,scattered clouds,10.59,27,0,0,3.18,15/06/2022 12:09:46
124,Bremen,DE,2022-06-16 00:00:00,broken clouds,10.11,63,0,0,2.45,15/06/2022 12:09:46
125,Bremen,DE,2022-06-16 03:00:00,overcast clouds,9.44,93,0,0,2.34,15/06/2022 12:09:46
126,Bremen,DE,2022-06-16 06:00:00,overcast clouds,13.11,97,0,0,2.74,15/06/2022 12:09:46
127,Bremen,DE,2022-06-16 09:00:00,broken clouds,18.07,65,0,0,3.46,15/06/2022 12:09:46
128,Bremen,DE,2022-06-16 12:00:00,scattered clouds,20.38,35,0,0,4.92,15/06/2022 12:09:46
129,Bremen,DE,2022-06-16 15:00:00,clear sky,19.99,0,0,0,4.73,15/06/2022 12:09:46
130,Bremen,DE,2022-06-16 18:00:00,clear sky,17.18,9,0,0,3.1,15/06/2022 12:09:46
131,Bremen,DE,2022-06-16 21:00:00,overcast clouds,12.59,100,0,0,1.8,15/06/2022 12:09:46
132,Bremen,DE,2022-06-17 00:00:00,overcast clouds,10.05,91,0,0,0.49,15/06/2022 12:09:46
133,Bremen,DE,2022-06-17 03:00:00,overcast clouds,10.39,100,0,0,1.64,15/06/2022 12:09:46
134,Bremen,DE,2022-06-17 06:00:00,overcast clouds,15.05,100,0,0,1.83,15/06/2022 12:09:46
135,Bremen,DE,2022-06-17 09:00:00,overcast clouds,20.31,98,0,0,2.69,15/06/2022 12:09:46
136,Bremen,DE,2022-06-17 12:00:00,overcast clouds,23.51,99,0,0,3.03,15/06/2022 12:09:46
137,Bremen,DE,2022-06-17 15:00:00,overcast clouds,22.95,100,0,0,1.52,15/06/2022 12:09:46
138,Bremen,DE,2022-06-17 18:00:00,overcast clouds,22.34,100,0,0,1.87,15/06/2022 12:09:46
139,Bremen,DE,2022-06-17 21:00:00,overcast clouds,18.27,87,0,0,3.96,15/06/2022 12:09:46
140,Bremen,DE,2022-06-18 00:00:00,broken clouds,17.09,75,0,0,4.08,15/06/2022 12:09:46
141,Bremen,DE,2022-06-18 03:00:00,scattered clouds,15.57,37,0,0,3.52,15/06/2022 12:09:46
142,Bremen,DE,2022-06-18 06:00:00,few clouds,20.08,19,0,0,4.39,15/06/2022 12:09:46
143,Bremen,DE,2022-06-18 09:00:00,few clouds,24.49,24,0,0,4.0,15/06/2022 12:09:46
144,Bremen,DE,2022-06-18 12:00:00,few clouds,26.71,18,0,0,4.26,15/06/2022 12:09:46
145,Bremen,DE,2022-06-18 15:00:00,clear sky,26.15,9,0,0,3.77,15/06/2022 12:09:46
146,Bremen,DE,2022-06-18 18:00:00,few clouds,21.1,12,0,0,4.45,15/06/2022 12:09:46
147,Bremen,DE,2022-06-18 21:00:00,light rain,14.5,84,1.62,0,3.39,15/06/2022 12:09:46
148,Bremen,DE,2022-06-19 00:00:00,light rain,13.62,91,1.68,0,1.15,15/06/2022 12:09:46
149,Bremen,DE,2022-06-19 03:00:00,light rain,13.1,100,2.31,0,4.23,15/06/2022 12:09:46
150,Bremen,DE,2022-06-19 06:00:00,light rain,12.46,100,0.89,0,5.12,15/06/2022 12:09:46
151,Bremen,DE,2022-06-19 09:00:00,light rain,13.16,100,0.2,0,4.03,15/06/2022 12:09:46
152,Bremen,DE,2022-06-19 12:00:00,light rain,15.58,100,0.58,0,4.47,15/06/2022 12:09:46
153,Bremen,DE,2022-06-19 15:00:00,light rain,14.55,100,0.18,0,4.45,15/06/2022 12:09:46
154,Bremen,DE,2022-06-19 18:00:00,light rain,13.51,100,0.41,0,4.13,15/06/2022 12:09:46
155,Bremen,DE,2022-06-19 21:00:00,broken clouds,11.75,79,0,0,2.07,15/06/2022 12:09:46
156,Bremen,DE,2022-06-20 00:00:00,overcast clouds,10.29,89,0,0,2.51,15/06/2022 12:09:46
157,Bremen,DE,2022-06-20 03:00:00,overcast clouds,10.45,97,0,0,3.24,15/06/2022 12:09:46
158,Bremen,DE,2022-06-20 06:00:00,light rain,11.46,99,0.13,0,4.58,15/06/2022 12:09:46
159,Bremen,DE,2022-06-20 09:00:00,light rain,15.3,52,0.35,0,7.75,15/06/2022 12:09:46
160,Dresden,DE,2022-06-15 12:00:00,few clouds,26.12,11,0,0,1.57,15/06/2022 12:09:46
161,Dresden,DE,2022-06-15 15:00:00,scattered clouds,26.69,26,0,0,2.46,15/06/2022 12:09:46
162,Dresden,DE,2022-06-15 18:00:00,few clouds,24.24,24,0,0,1.24,15/06/2022 12:09:46
163,Dresden,DE,2022-06-15 21:00:00,scattered clouds,18.99,38,0,0,1.48,15/06/2022 12:09:46
164,Dresden,DE,2022-06-16 00:00:00,broken clouds,17.77,57,0,0,2.2,15/06/2022 12:09:46
165,Dresden,DE,2022-06-16 03:00:00,scattered clouds,16.11,28,0,0,1.4,15/06/2022 12:09:46
166,Dresden,DE,2022-06-16 06:00:00,scattered clouds,19.44,39,0,0,3.3,15/06/2022 12:09:46
167,Dresden,DE,2022-06-16 09:00:00,light rain,20.41,100,0.65,0,3.23,15/06/2022 12:09:46
168,Dresden,DE,2022-06-16 12:00:00,light rain,24.42,98,0.13,0,3.94,15/06/2022 12:09:46
169,Dresden,DE,2022-06-16 15:00:00,broken clouds,25.24,66,0,0,5.87,15/06/2022 12:09:46
170,Dresden,DE,2022-06-16 18:00:00,scattered clouds,22.05,34,0,0,4.09,15/06/2022 12:09:46
171,Dresden,DE,2022-06-16 21:00:00,scattered clouds,15.91,30,0,0,1.72,15/06/2022 12:09:46
172,Dresden,DE,2022-06-17 00:00:00,broken clouds,14.3,65,0,0,0.97,15/06/2022 12:09:46
173,Dresden,DE,2022-06-17 03:00:00,overcast clouds,13.29,100,0,0,0.88,15/06/2022 12:09:46
174,Dresden,DE,2022-06-17 06:00:00,overcast clouds,16.75,98,0,0,2.19,15/06/2022 12:09:46
175,Dresden,DE,2022-06-17 09:00:00,broken clouds,21.02,64,0,0,3.29,15/06/2022 12:09:46
176,Dresden,DE,2022-06-17 12:00:00,broken clouds,23.67,70,0,0,2.93,15/06/2022 12:09:46
177,Dresden,DE,2022-06-17 15:00:00,overcast clouds,24.86,89,0,0,3.17,15/06/2022 12:09:46
178,Dresden,DE,2022-06-17 18:00:00,overcast clouds,22.2,93,0,0,1.87,15/06/2022 12:09:46
179,Dresden,DE,2022-06-17 21:00:00,broken clouds,18.08,83,0,0,1.89,15/06/2022 12:09:46
180,Dresden,DE,2022-06-18 00:00:00,overcast clouds,19.49,91,0,0,2.1,15/06/2022 12:09:46
181,Dresden,DE,2022-06-18 03:00:00,broken clouds,17.64,81,0,0,2.27,15/06/2022 12:09:46
182,Dresden,DE,2022-06-18 06:00:00,broken clouds,23.06,61,0,0,3.22,15/06/2022 12:09:46
183,Dresden,DE,2022-06-18 09:00:00,broken clouds,28.07,75,0,0,4.74,15/06/2022 12:09:46
184,Dresden,DE,2022-06-18 12:00:00,scattered clouds,30.81,42,0,0,4.91,15/06/2022 12:09:46
185,Dresden,DE,2022-06-18 15:00:00,clear sky,32.23,0,0,0,4.4,15/06/2022 12:09:46
186,Dresden,DE,2022-06-18 18:00:00,clear sky,29.01,4,0,0,2.0,15/06/2022 12:09:46
187,Dresden,DE,2022-06-18 21:00:00,clear sky,23.92,4,0,0,2.37,15/06/2022 12:09:46
188,Dresden,DE,2022-06-19 00:00:00,clear sky,22.61,3,0,0,2.69,15/06/2022 12:09:46
189,Dresden,DE,2022-06-19 03:00:00,clear sky,20.81,0,0,0,3.48,15/06/2022 12:09:46
190,Dresden,DE,2022-06-19 06:00:00,clear sky,25.16,0,0,0,4.58,15/06/2022 12:09:46
191,Dresden,DE,2022-06-19 09:00:00,clear sky,30.05,1,0,0,6.16,15/06/2022 12:09:46
192,Dresden,DE,2022-06-19 12:00:00,clear sky,34.31,0,0,0,5.46,15/06/2022 12:09:46
193,Dresden,DE,2022-06-19 15:00:00,clear sky,35.36,0,0,0,5.79,15/06/2022 12:09:46
194,Dresden,DE,2022-06-19 18:00:00,clear sky,31.27,0,0,0,4.16,15/06/2022 12:09:46
195,Dresden,DE,2022-06-19 21:00:00,clear sky,24.37,7,0,0,1.92,15/06/2022 12:09:46
196,Dresden,DE,2022-06-20 00:00:00,few clouds,18.31,12,0,0,2.79,15/06/2022 12:09:46
197,Dresden,DE,2022-06-20 03:00:00,moderate rain,17.22,100,8.61,0,0.8,15/06/2022 12:09:46
198,Dresden,DE,2022-06-20 06:00:00,light rain,18.42,96,0.12,0,3.27,15/06/2022 12:09:46
199,Dresden,DE,2022-06-20 09:00:00,light rain,11.92,98,1.7,0,5.35,15/06/2022 12:09:46
200,Dortmund,DE,2022-06-15 12:00:00,clear sky,23.41,5,0,0,2.46,15/06/2022 12:09:46
201,Dortmund,DE,2022-06-15 15:00:00,few clouds,24.92,13,0,0,3.05,15/06/2022 12:09:46
202,Dortmund,DE,2022-06-15 18:00:00,few clouds,23.25,15,0,0,3.2,15/06/2022 12:09:46
203,Dortmund,DE,2022-06-15 21:00:00,few clouds,17.56,22,0,0,2.9,15/06/2022 12:09:46
204,Dortmund,DE,2022-06-16 00:00:00,broken clouds,14.62,60,0,0,2.37,15/06/2022 12:09:46
205,Dortmund,DE,2022-06-16 03:00:00,broken clouds,12.98,82,0,0,1.77,15/06/2022 12:09:46
206,Dortmund,DE,2022-06-16 06:00:00,broken clouds,15.5,54,0,0,1.99,15/06/2022 12:09:46
207,Dortmund,DE,2022-06-16 09:00:00,clear sky,20.49,1,0,0,2.84,15/06/2022 12:09:46
208,Dortmund,DE,2022-06-16 12:00:00,clear sky,23.35,2,0,0,3.47,15/06/2022 12:09:46
209,Dortmund,DE,2022-06-16 15:00:00,clear sky,23.94,4,0,0,3.59,15/06/2022 12:09:46
210,Dortmund,DE,2022-06-16 18:00:00,scattered clouds,21.69,43,0,0,2.57,15/06/2022 12:09:46
211,Dortmund,DE,2022-06-16 21:00:00,broken clouds,17.07,71,0,0,1.89,15/06/2022 12:09:46
212,Dortmund,DE,2022-06-17 00:00:00,broken clouds,15.87,79,0,0,1.14,15/06/2022 12:09:46
213,Dortmund,DE,2022-06-17 03:00:00,overcast clouds,15.21,100,0,0,0.98,15/06/2022 12:09:46
214,Dortmund,DE,2022-06-17 06:00:00,overcast clouds,18.95,96,0,0,1.2,15/06/2022 12:09:46
215,Dortmund,DE,2022-06-17 09:00:00,overcast clouds,24.03,96,0,0,1.17,15/06/2022 12:09:46
216,Dortmund,DE,2022-06-17 12:00:00,overcast clouds,27.06,98,0,0,2.21,15/06/2022 12:09:46
217,Dortmund,DE,2022-06-17 15:00:00,overcast clouds,27.86,100,0,0,2.08,15/06/2022 12:09:46
218,Dortmund,DE,2022-06-17 18:00:00,overcast clouds,26.78,99,0,0,1.72,15/06/2022 12:09:46
219,Dortmund,DE,2022-06-17 21:00:00,overcast clouds,21.55,86,0,0,2.25,15/06/2022 12:09:46
220,Dortmund,DE,2022-06-18 00:00:00,overcast clouds,20.09,93,0,0,2.46,15/06/2022 12:09:46
221,Dortmund,DE,2022-06-18 03:00:00,scattered clouds,18.83,50,0,0,2.28,15/06/2022 12:09:46
222,Dortmund,DE,2022-06-18 06:00:00,scattered clouds,23.05,26,0,0,2.82,15/06/2022 12:09:46
223,Dortmund,DE,2022-06-18 09:00:00,clear sky,28.77,10,0,0,3.89,15/06/2022 12:09:46
224,Dortmund,DE,2022-06-18 12:00:00,clear sky,32.41,9,0,0,3.75,15/06/2022 12:09:46
225,Dortmund,DE,2022-06-18 15:00:00,clear sky,33.53,5,0,0,3.05,15/06/2022 12:09:46
226,Dortmund,DE,2022-06-18 18:00:00,clear sky,31.91,5,0,0,1.59,15/06/2022 12:09:46
227,Dortmund,DE,2022-06-18 21:00:00,light rain,25.01,6,0.18,0,0.84,15/06/2022 12:09:46
228,Dortmund,DE,2022-06-19 00:00:00,clear sky,20.28,6,0,0,3.1,15/06/2022 12:09:46
229,Dortmund,DE,2022-06-19 03:00:00,few clouds,18.4,23,0,0,1.39,15/06/2022 12:09:46
230,Dortmund,DE,2022-06-19 06:00:00,few clouds,19.02,23,0,0,2.73,15/06/2022 12:09:46
231,Dortmund,DE,2022-06-19 09:00:00,broken clouds,21.12,83,0,0,3.26,15/06/2022 12:09:46
232,Dortmund,DE,2022-06-19 12:00:00,broken clouds,26.06,52,0,0,3.43,15/06/2022 12:09:46
233,Dortmund,DE,2022-06-19 15:00:00,scattered clouds,26.14,25,0,0,5.33,15/06/2022 12:09:46
234,Dortmund,DE,2022-06-19 18:00:00,light rain,16.75,32,2.11,0,3.5,15/06/2022 12:09:46
235,Dortmund,DE,2022-06-19 21:00:00,light rain,14.13,100,1.92,0,3.34,15/06/2022 12:09:46
236,Dortmund,DE,2022-06-20 00:00:00,light rain,12.51,100,0.35,0,2.46,15/06/2022 12:09:46
237,Dortmund,DE,2022-06-20 03:00:00,light rain,11.87,100,0.15,0,2.91,15/06/2022 12:09:46
238,Dortmund,DE,2022-06-20 06:00:00,light rain,10.75,100,0.52,0,2.25,15/06/2022 12:09:46
239,Dortmund,DE,2022-06-20 09:00:00,light rain,15.06,87,0.45,0,4.73,15/06/2022 12:09:46
240,Düsseldorf,DE,2022-06-15 12:00:00,clear sky,24.73,4,0,0,2.13,15/06/2022 12:09:46
241,Düsseldorf,DE,2022-06-15 15:00:00,clear sky,26.35,10,0,0,2.52,15/06/2022 12:09:46
242,Düsseldorf,DE,2022-06-15 18:00:00,few clouds,24.08,11,0,0,4.21,15/06/2022 12:09:46
243,Düsseldorf,DE,2022-06-15 21:00:00,scattered clouds,19.37,39,0,0,3.0,15/06/2022 12:09:46
244,Düsseldorf,DE,2022-06-16 00:00:00,scattered clouds,16.69,50,0,0,2.91,15/06/2022 12:09:46
245,Düsseldorf,DE,2022-06-16 03:00:00,broken clouds,14.74,64,0,0,2.14,15/06/2022 12:09:46
246,Düsseldorf,DE,2022-06-16 06:00:00,scattered clouds,16.98,33,0,0,3.17,15/06/2022 12:09:46
247,Düsseldorf,DE,2022-06-16 09:00:00,clear sky,21.86,6,0,0,3.14,15/06/2022 12:09:46
248,Düsseldorf,DE,2022-06-16 12:00:00,clear sky,24.68,7,0,0,3.21,15/06/2022 12:09:46
249,Düsseldorf,DE,2022-06-16 15:00:00,scattered clouds,25.17,26,0,0,3.87,15/06/2022 12:09:46
250,Düsseldorf,DE,2022-06-16 18:00:00,scattered clouds,22.81,39,0,0,3.2,15/06/2022 12:09:46
251,Düsseldorf,DE,2022-06-16 21:00:00,overcast clouds,18.27,91,0,0,1.47,15/06/2022 12:09:46
252,Düsseldorf,DE,2022-06-17 00:00:00,overcast clouds,16.97,87,0,0,1.55,15/06/2022 12:09:46
253,Düsseldorf,DE,2022-06-17 03:00:00,overcast clouds,16.56,99,0,0,1.47,15/06/2022 12:09:46
254,Düsseldorf,DE,2022-06-17 06:00:00,overcast clouds,18.82,100,0,0,2.2,15/06/2022 12:09:46
255,Düsseldorf,DE,2022-06-17 09:00:00,overcast clouds,23.7,100,0,0,2.25,15/06/2022 12:09:46
256,Düsseldorf,DE,2022-06-17 12:00:00,overcast clouds,25.79,100,0,0,2.06,15/06/2022 12:09:46
257,Düsseldorf,DE,2022-06-17 15:00:00,overcast clouds,28.56,91,0,0,2.26,15/06/2022 12:09:46
258,Düsseldorf,DE,2022-06-17 18:00:00,overcast clouds,27.66,95,0,0,1.48,15/06/2022 12:09:46
259,Düsseldorf,DE,2022-06-17 21:00:00,overcast clouds,22.88,96,0,0,2.06,15/06/2022 12:09:46
260,Düsseldorf,DE,2022-06-18 00:00:00,overcast clouds,20.93,98,0,0,2.13,15/06/2022 12:09:46
261,Düsseldorf,DE,2022-06-18 03:00:00,scattered clouds,19.38,41,0,0,2.05,15/06/2022 12:09:46
262,Düsseldorf,DE,2022-06-18 06:00:00,few clouds,22.63,21,0,0,2.3,15/06/2022 12:09:46
263,Düsseldorf,DE,2022-06-18 09:00:00,few clouds,28.47,12,0,0,2.65,15/06/2022 12:09:46
264,Düsseldorf,DE,2022-06-18 12:00:00,clear sky,32.25,9,0,0,2.92,15/06/2022 12:09:46
265,Düsseldorf,DE,2022-06-18 15:00:00,clear sky,33.62,4,0,0,2.62,15/06/2022 12:09:46
266,Düsseldorf,DE,2022-06-18 18:00:00,clear sky,32.4,6,0,0,1.88,15/06/2022 12:09:46
267,Düsseldorf,DE,2022-06-18 21:00:00,light rain,26.19,4,0.23,0,1.19,15/06/2022 12:09:46
268,Düsseldorf,DE,2022-06-19 00:00:00,clear sky,22.22,4,0,0,2.39,15/06/2022 12:09:46
269,Düsseldorf,DE,2022-06-19 03:00:00,clear sky,21.26,8,0,0,0.78,15/06/2022 12:09:46
270,Düsseldorf,DE,2022-06-19 06:00:00,few clouds,20.9,22,0,0,3.06,15/06/2022 12:09:46
271,Düsseldorf,DE,2022-06-19 09:00:00,few clouds,24.41,15,0,0,2.75,15/06/2022 12:09:46
272,Düsseldorf,DE,2022-06-19 12:00:00,scattered clouds,26.78,26,0,0,3.66,15/06/2022 12:09:46
273,Düsseldorf,DE,2022-06-19 15:00:00,few clouds,26.14,21,0,0,5.21,15/06/2022 12:09:46
274,Düsseldorf,DE,2022-06-19 18:00:00,light rain,17.89,34,1.88,0,4.82,15/06/2022 12:09:46
275,Düsseldorf,DE,2022-06-19 21:00:00,light rain,15.87,93,0.24,0,4.33,15/06/2022 12:09:46
276,Düsseldorf,DE,2022-06-20 00:00:00,light rain,13.99,97,0.45,0,3.39,15/06/2022 12:09:46
277,Düsseldorf,DE,2022-06-20 03:00:00,light rain,13.1,100,0.1,0,4.28,15/06/2022 12:09:46
278,Düsseldorf,DE,2022-06-20 06:00:00,light rain,11.33,100,1.06,0,2.89,15/06/2022 12:09:46
279,Düsseldorf,DE,2022-06-20 09:00:00,light rain,16.17,84,0.44,0,4.88,15/06/2022 12:09:46
280,Essen,DE,2022-06-15 12:00:00,few clouds,24.31,15,0,0,2.07,15/06/2022 12:09:46
281,Essen,DE,2022-06-15 15:00:00,few clouds,25.82,18,0,0,2.26,15/06/2022 12:09:46
282,Essen,DE,2022-06-15 18:00:00,few clouds,23.6,14,0,0,3.68,15/06/2022 12:09:46
283,Essen,DE,2022-06-15 21:00:00,scattered clouds,18.21,36,0,0,3.13,15/06/2022 12:09:46
284,Essen,DE,2022-06-16 00:00:00,broken clouds,15.82,53,0,0,2.93,15/06/2022 12:09:46
285,Essen,DE,2022-06-16 03:00:00,overcast clouds,13.82,85,0,0,2.26,15/06/2022 12:09:46
286,Essen,DE,2022-06-16 06:00:00,scattered clouds,16.25,49,0,0,2.58,15/06/2022 12:09:46
287,Essen,DE,2022-06-16 09:00:00,clear sky,21.08,3,0,0,3.01,15/06/2022 12:09:46
288,Essen,DE,2022-06-16 12:00:00,clear sky,23.86,3,0,0,3.22,15/06/2022 12:09:46
289,Essen,DE,2022-06-16 15:00:00,clear sky,24.44,8,0,0,3.78,15/06/2022 12:09:46
290,Essen,DE,2022-06-16 18:00:00,scattered clouds,22.04,47,0,0,2.77,15/06/2022 12:09:46
291,Essen,DE,2022-06-16 21:00:00,broken clouds,17.53,64,0,0,1.65,15/06/2022 12:09:46
292,Essen,DE,2022-06-17 00:00:00,broken clouds,15.95,75,0,0,1.59,15/06/2022 12:09:46
293,Essen,DE,2022-06-17 03:00:00,overcast clouds,15.72,100,0,0,0.98,15/06/2022 12:09:46
294,Essen,DE,2022-06-17 06:00:00,overcast clouds,18.88,100,0,0,1.1,15/06/2022 12:09:46
295,Essen,DE,2022-06-17 09:00:00,overcast clouds,23.84,100,0,0,1.92,15/06/2022 12:09:46
296,Essen,DE,2022-06-17 12:00:00,overcast clouds,25.35,100,0,0,2.6,15/06/2022 12:09:46
297,Essen,DE,2022-06-17 15:00:00,overcast clouds,28.38,95,0,0,2.2,15/06/2022 12:09:46
298,Essen,DE,2022-06-17 18:00:00,overcast clouds,26.62,97,0,0,1.45,15/06/2022 12:09:46
299,Essen,DE,2022-06-17 21:00:00,overcast clouds,21.82,93,0,0,2.35,15/06/2022 12:09:46
300,Essen,DE,2022-06-18 00:00:00,overcast clouds,20.33,97,0,0,2.47,15/06/2022 12:09:46
301,Essen,DE,2022-06-18 03:00:00,scattered clouds,19.12,40,0,0,2.6,15/06/2022 12:09:46
302,Essen,DE,2022-06-18 06:00:00,few clouds,22.47,21,0,0,3.37,15/06/2022 12:09:46
303,Essen,DE,2022-06-18 09:00:00,few clouds,28.33,18,0,0,3.45,15/06/2022 12:09:46
304,Essen,DE,2022-06-18 12:00:00,few clouds,32.01,13,0,0,3.53,15/06/2022 12:09:46
305,Essen,DE,2022-06-18 15:00:00,clear sky,33.31,5,0,0,2.99,15/06/2022 12:09:46
306,Essen,DE,2022-06-18 18:00:00,clear sky,31.56,6,0,0,1.8,15/06/2022 12:09:46
307,Essen,DE,2022-06-18 21:00:00,light rain,24.26,3,0.39,0,2.81,15/06/2022 12:09:46
308,Essen,DE,2022-06-19 00:00:00,clear sky,20.67,4,0,0,3.43,15/06/2022 12:09:46
309,Essen,DE,2022-06-19 03:00:00,few clouds,19.2,15,0,0,1.52,15/06/2022 12:09:46
310,Essen,DE,2022-06-19 06:00:00,scattered clouds,19.09,43,0,0,3.37,15/06/2022 12:09:46
311,Essen,DE,2022-06-19 09:00:00,broken clouds,21.87,64,0,0,3.27,15/06/2022 12:09:46
312,Essen,DE,2022-06-19 12:00:00,broken clouds,25.63,56,0,0,3.44,15/06/2022 12:09:46
313,Essen,DE,2022-06-19 15:00:00,broken clouds,24.22,60,0,0,4.84,15/06/2022 12:09:46
314,Essen,DE,2022-06-19 18:00:00,light rain,17.22,66,1.68,0,4.03,15/06/2022 12:09:46
315,Essen,DE,2022-06-19 21:00:00,light rain,14.43,100,0.29,0,3.7,15/06/2022 12:09:46
316,Essen,DE,2022-06-20 00:00:00,light rain,13.17,100,0.24,0,2.57,15/06/2022 12:09:46
317,Essen,DE,2022-06-20 03:00:00,light rain,12.06,100,0.15,0,3.52,15/06/2022 12:09:46
318,Essen,DE,2022-06-20 06:00:00,light rain,10.68,100,0.59,0,2.02,15/06/2022 12:09:46
319,Essen,DE,2022-06-20 09:00:00,light rain,14.8,80,0.55,0,4.48,15/06/2022 12:09:46
320,Frankfurt am Main,DE,2022-06-15 12:00:00,clear sky,27.79,8,0,0,0.91,15/06/2022 12:09:46
321,Frankfurt am Main,DE,2022-06-15 15:00:00,clear sky,29.01,7,0,0,0.77,15/06/2022 12:09:46
322,Frankfurt am Main,DE,2022-06-15 18:00:00,clear sky,26.88,6,0,0,2.16,15/06/2022 12:09:46
323,Frankfurt am Main,DE,2022-06-15 21:00:00,clear sky,21.0,5,0,0,1.53,15/06/2022 12:09:46
324,Frankfurt am Main,DE,2022-06-16 00:00:00,few clouds,17.99,23,0,0,2.19,15/06/2022 12:09:46
325,Frankfurt am Main,DE,2022-06-16 03:00:00,scattered clouds,16.32,37,0,0,2.25,15/06/2022 12:09:46
326,Frankfurt am Main,DE,2022-06-16 06:00:00,scattered clouds,19.78,47,0,0,3.07,15/06/2022 12:09:46
327,Frankfurt am Main,DE,2022-06-16 09:00:00,clear sky,24.81,4,0,0,3.17,15/06/2022 12:09:46
328,Frankfurt am Main,DE,2022-06-16 12:00:00,clear sky,27.92,7,0,0,3.12,15/06/2022 12:09:46
329,Frankfurt am Main,DE,2022-06-16 15:00:00,clear sky,28.27,10,0,0,4.18,15/06/2022 12:09:46
330,Frankfurt am Main,DE,2022-06-16 18:00:00,few clouds,24.45,11,0,0,3.85,15/06/2022 12:09:46
331,Frankfurt am Main,DE,2022-06-16 21:00:00,scattered clouds,18.02,49,0,0,2.74,15/06/2022 12:09:46
332,Frankfurt am Main,DE,2022-06-17 00:00:00,broken clouds,15.79,68,0,0,1.73,15/06/2022 12:09:46
333,Frankfurt am Main,DE,2022-06-17 03:00:00,overcast clouds,14.49,99,0,0,1.69,15/06/2022 12:09:46
334,Frankfurt am Main,DE,2022-06-17 06:00:00,overcast clouds,17.78,97,0,0,1.83,15/06/2022 12:09:46
335,Frankfurt am Main,DE,2022-06-17 09:00:00,overcast clouds,24.22,100,0,0,0.96,15/06/2022 12:09:46
336,Frankfurt am Main,DE,2022-06-17 12:00:00,overcast clouds,27.28,100,0,0,0.9,15/06/2022 12:09:46
337,Frankfurt am Main,DE,2022-06-17 15:00:00,overcast clouds,28.93,94,0,0,0.89,15/06/2022 12:09:46
338,Frankfurt am Main,DE,2022-06-17 18:00:00,overcast clouds,26.19,94,0,0,1.41,15/06/2022 12:09:46
339,Frankfurt am Main,DE,2022-06-17 21:00:00,overcast clouds,21.21,88,0,0,1.25,15/06/2022 12:09:46
340,Frankfurt am Main,DE,2022-06-18 00:00:00,overcast clouds,19.22,88,0,0,1.68,15/06/2022 12:09:46
341,Frankfurt am Main,DE,2022-06-18 03:00:00,broken clouds,17.76,54,0,0,1.57,15/06/2022 12:09:46
342,Frankfurt am Main,DE,2022-06-18 06:00:00,broken clouds,22.08,59,0,0,1.85,15/06/2022 12:09:46
343,Frankfurt am Main,DE,2022-06-18 09:00:00,clear sky,29.16,5,0,0,2.5,15/06/2022 12:09:46
344,Frankfurt am Main,DE,2022-06-18 12:00:00,clear sky,33.7,3,0,0,2.32,15/06/2022 12:09:46
345,Frankfurt am Main,DE,2022-06-18 15:00:00,clear sky,34.97,0,0,0,1.88,15/06/2022 12:09:46
346,Frankfurt am Main,DE,2022-06-18 18:00:00,clear sky,32.25,0,0,0,2.16,15/06/2022 12:09:46
347,Frankfurt am Main,DE,2022-06-18 21:00:00,clear sky,25.19,0,0,0,2.05,15/06/2022 12:09:46
348,Frankfurt am Main,DE,2022-06-19 00:00:00,clear sky,22.52,0,0,0,1.33,15/06/2022 12:09:46
349,Frankfurt am Main,DE,2022-06-19 03:00:00,clear sky,20.13,1,0,0,1.71,15/06/2022 12:09:46
350,Frankfurt am Main,DE,2022-06-19 06:00:00,clear sky,23.97,1,0,0,2.7,15/06/2022 12:09:46
351,Frankfurt am Main,DE,2022-06-19 09:00:00,clear sky,31.0,0,0,0,5.67,15/06/2022 12:09:46
352,Frankfurt am Main,DE,2022-06-19 12:00:00,clear sky,34.99,1,0,0,5.79,15/06/2022 12:09:46
353,Frankfurt am Main,DE,2022-06-19 15:00:00,clear sky,35.43,6,0,0,5.68,15/06/2022 12:09:46
354,Frankfurt am Main,DE,2022-06-19 18:00:00,clear sky,31.66,8,0,0,4.74,15/06/2022 12:09:46
355,Frankfurt am Main,DE,2022-06-19 21:00:00,few clouds,24.26,24,0,0,4.38,15/06/2022 12:09:46
356,Frankfurt am Main,DE,2022-06-20 00:00:00,heavy intensity rain,18.82,62,14.12,0,2.27,15/06/2022 12:09:46
357,Frankfurt am Main,DE,2022-06-20 03:00:00,light rain,18.22,100,1.57,0,3.11,15/06/2022 12:09:46
358,Frankfurt am Main,DE,2022-06-20 06:00:00,light rain,16.26,97,1.76,0,4.38,15/06/2022 12:09:46
359,Frankfurt am Main,DE,2022-06-20 09:00:00,light rain,12.01,100,1.53,0,3.41,15/06/2022 12:09:46
360,Hamburg,DE,2022-06-15 12:00:00,scattered clouds,20.67,42,0,0,1.82,15/06/2022 12:09:46
361,Hamburg,DE,2022-06-15 15:00:00,scattered clouds,21.69,36,0,0,3.19,15/06/2022 12:09:46
362,Hamburg,DE,2022-06-15 18:00:00,scattered clouds,18.39,35,0,0,3.78,15/06/2022 12:09:46
363,Hamburg,DE,2022-06-15 21:00:00,scattered clouds,11.99,47,0,0,1.89,15/06/2022 12:09:46
364,Hamburg,DE,2022-06-16 00:00:00,broken clouds,11.43,74,0,0,1.28,15/06/2022 12:09:46
365,Hamburg,DE,2022-06-16 03:00:00,overcast clouds,10.14,100,0,0,1.58,15/06/2022 12:09:46
366,Hamburg,DE,2022-06-16 06:00:00,overcast clouds,13.95,100,0,0,2.31,15/06/2022 12:09:46
367,Hamburg,DE,2022-06-16 09:00:00,overcast clouds,18.15,97,0,0,3.2,15/06/2022 12:09:46
368,Hamburg,DE,2022-06-16 12:00:00,broken clouds,21.17,82,0,0,3.77,15/06/2022 12:09:46
369,Hamburg,DE,2022-06-16 15:00:00,clear sky,21.18,4,0,0,4.8,15/06/2022 12:09:46
370,Hamburg,DE,2022-06-16 18:00:00,few clouds,17.23,14,0,0,4.02,15/06/2022 12:09:46
371,Hamburg,DE,2022-06-16 21:00:00,overcast clouds,12.03,99,0,0,1.83,15/06/2022 12:09:46
372,Hamburg,DE,2022-06-17 00:00:00,overcast clouds,10.4,99,0,0,1.97,15/06/2022 12:09:46
373,Hamburg,DE,2022-06-17 03:00:00,overcast clouds,9.9,97,0,0,1.72,15/06/2022 12:09:46
374,Hamburg,DE,2022-06-17 06:00:00,overcast clouds,14.91,98,0,0,2.24,15/06/2022 12:09:46
375,Hamburg,DE,2022-06-17 09:00:00,overcast clouds,20.87,98,0,0,1.89,15/06/2022 12:09:46
376,Hamburg,DE,2022-06-17 12:00:00,overcast clouds,23.56,97,0,0,3.14,15/06/2022 12:09:46
377,Hamburg,DE,2022-06-17 15:00:00,overcast clouds,23.26,99,0,0,3.38,15/06/2022 12:09:46
378,Hamburg,DE,2022-06-17 18:00:00,overcast clouds,18.97,99,0,0,1.25,15/06/2022 12:09:46
379,Hamburg,DE,2022-06-17 21:00:00,overcast clouds,17.25,100,0,0,2.72,15/06/2022 12:09:46
380,Hamburg,DE,2022-06-18 00:00:00,broken clouds,17.19,76,0,0,3.39,15/06/2022 12:09:46
381,Hamburg,DE,2022-06-18 03:00:00,clear sky,15.77,5,0,0,3.13,15/06/2022 12:09:46
382,Hamburg,DE,2022-06-18 06:00:00,clear sky,20.05,3,0,0,3.54,15/06/2022 12:09:46
383,Hamburg,DE,2022-06-18 09:00:00,broken clouds,24.89,52,0,0,4.42,15/06/2022 12:09:46
384,Hamburg,DE,2022-06-18 12:00:00,scattered clouds,26.31,40,0,0,5.0,15/06/2022 12:09:46
385,Hamburg,DE,2022-06-18 15:00:00,clear sky,25.18,7,0,0,4.38,15/06/2022 12:09:46
386,Hamburg,DE,2022-06-18 18:00:00,few clouds,21.31,24,0,0,2.79,15/06/2022 12:09:46
387,Hamburg,DE,2022-06-18 21:00:00,light rain,14.95,55,0.41,0,2.96,15/06/2022 12:09:46
388,Hamburg,DE,2022-06-19 00:00:00,light rain,14.06,77,1.18,0,0.78,15/06/2022 12:09:46
389,Hamburg,DE,2022-06-19 03:00:00,light rain,13.26,100,1.41,0,2.64,15/06/2022 12:09:46
390,Hamburg,DE,2022-06-19 06:00:00,light rain,13.21,100,2.5,0,3.03,15/06/2022 12:09:46
391,Hamburg,DE,2022-06-19 09:00:00,light rain,13.5,100,0.95,0,2.29,15/06/2022 12:09:46
392,Hamburg,DE,2022-06-19 12:00:00,light rain,15.23,100,0.4,0,2.59,15/06/2022 12:09:46
393,Hamburg,DE,2022-06-19 15:00:00,light rain,14.3,100,0.6,0,3.01,15/06/2022 12:09:46
394,Hamburg,DE,2022-06-19 18:00:00,light rain,13.46,100,0.19,0,2.26,15/06/2022 12:09:46
395,Hamburg,DE,2022-06-19 21:00:00,light rain,11.58,92,0.15,0,2.19,15/06/2022 12:09:46
396,Hamburg,DE,2022-06-20 00:00:00,overcast clouds,11.13,96,0,0,1.61,15/06/2022 12:09:46
397,Hamburg,DE,2022-06-20 03:00:00,overcast clouds,10.37,96,0,0,2.08,15/06/2022 12:09:46
398,Hamburg,DE,2022-06-20 06:00:00,light rain,11.5,98,0.21,0,3.11,15/06/2022 12:09:46
399,Hamburg,DE,2022-06-20 09:00:00,light rain,14.67,77,0.95,0,5.08,15/06/2022 12:09:46
400,Hanover,DE,2022-06-15 12:00:00,few clouds,23.61,22,0,0,0.53,15/06/2022 12:09:46
401,Hanover,DE,2022-06-15 15:00:00,scattered clouds,24.15,29,0,0,2.66,15/06/2022 12:09:46
402,Hanover,DE,2022-06-15 18:00:00,broken clouds,20.96,70,0,0,3.44,15/06/2022 12:09:46
403,Hanover,DE,2022-06-15 21:00:00,scattered clouds,14.16,29,0,0,3.27,15/06/2022 12:09:46
404,Hanover,DE,2022-06-16 00:00:00,scattered clouds,11.84,44,0,0,1.59,15/06/2022 12:09:46
405,Hanover,DE,2022-06-16 03:00:00,overcast clouds,11.7,100,0,0,2.08,15/06/2022 12:09:46
406,Hanover,DE,2022-06-16 06:00:00,overcast clouds,14.79,100,0,0,2.85,15/06/2022 12:09:46
407,Hanover,DE,2022-06-16 09:00:00,overcast clouds,19.02,90,0,0,4.11,15/06/2022 12:09:46
408,Hanover,DE,2022-06-16 12:00:00,broken clouds,22.09,55,0,0,4.49,15/06/2022 12:09:46
409,Hanover,DE,2022-06-16 15:00:00,clear sky,22.34,0,0,0,5.06,15/06/2022 12:09:46
410,Hanover,DE,2022-06-16 18:00:00,clear sky,19.37,8,0,0,4.23,15/06/2022 12:09:46
411,Hanover,DE,2022-06-16 21:00:00,overcast clouds,13.73,93,0,0,2.17,15/06/2022 12:09:46
412,Hanover,DE,2022-06-17 00:00:00,overcast clouds,11.18,87,0,0,0.48,15/06/2022 12:09:46
413,Hanover,DE,2022-06-17 03:00:00,broken clouds,10.65,78,0,0,1.05,15/06/2022 12:09:46
414,Hanover,DE,2022-06-17 06:00:00,overcast clouds,15.28,89,0,0,1.18,15/06/2022 12:09:46
415,Hanover,DE,2022-06-17 09:00:00,overcast clouds,21.54,97,0,0,1.1,15/06/2022 12:09:46
416,Hanover,DE,2022-06-17 12:00:00,overcast clouds,24.42,94,0,0,2.4,15/06/2022 12:09:46
417,Hanover,DE,2022-06-17 15:00:00,overcast clouds,25.55,100,0,0,2.93,15/06/2022 12:09:46
418,Hanover,DE,2022-06-17 18:00:00,overcast clouds,22.54,100,0,0,0.64,15/06/2022 12:09:46
419,Hanover,DE,2022-06-17 21:00:00,overcast clouds,18.86,90,0,0,2.53,15/06/2022 12:09:46
420,Hanover,DE,2022-06-18 00:00:00,overcast clouds,17.45,91,0,0,3.02,15/06/2022 12:09:46
421,Hanover,DE,2022-06-18 03:00:00,overcast clouds,16.76,93,0,0,2.97,15/06/2022 12:09:46
422,Hanover,DE,2022-06-18 06:00:00,broken clouds,21.86,65,0,0,4.22,15/06/2022 12:09:46
423,Hanover,DE,2022-06-18 09:00:00,clear sky,27.18,1,0,0,5.23,15/06/2022 12:09:46
424,Hanover,DE,2022-06-18 12:00:00,clear sky,30.03,9,0,0,5.35,15/06/2022 12:09:46
425,Hanover,DE,2022-06-18 15:00:00,clear sky,30.65,6,0,0,4.49,15/06/2022 12:09:46
426,Hanover,DE,2022-06-18 18:00:00,clear sky,28.18,3,0,0,1.71,15/06/2022 12:09:46
427,Hanover,DE,2022-06-18 21:00:00,light rain,19.79,20,1.27,0,2.89,15/06/2022 12:09:46
428,Hanover,DE,2022-06-19 00:00:00,moderate rain,17.44,57,3.39,0,2.05,15/06/2022 12:09:46
429,Hanover,DE,2022-06-19 03:00:00,light rain,16.43,79,1.46,0,2.98,15/06/2022 12:09:46
430,Hanover,DE,2022-06-19 06:00:00,broken clouds,18.88,64,0,0,2.62,15/06/2022 12:09:46
431,Hanover,DE,2022-06-19 09:00:00,overcast clouds,20.07,87,0,0,3.52,15/06/2022 12:09:46
432,Hanover,DE,2022-06-19 12:00:00,broken clouds,25.46,75,0,0,5.56,15/06/2022 12:09:46
433,Hanover,DE,2022-06-19 15:00:00,light rain,24.23,52,0.22,0,4.97,15/06/2022 12:09:46
434,Hanover,DE,2022-06-19 18:00:00,light rain,16.51,63,0.14,0,5.24,15/06/2022 12:09:46
435,Hanover,DE,2022-06-19 21:00:00,light rain,13.99,99,1.83,0,3.25,15/06/2022 12:09:46
436,Hanover,DE,2022-06-20 00:00:00,light rain,12.12,99,0.53,0,2.99,15/06/2022 12:09:46
437,Hanover,DE,2022-06-20 03:00:00,overcast clouds,11.58,100,0,0,2.82,15/06/2022 12:09:46
438,Hanover,DE,2022-06-20 06:00:00,light rain,10.63,100,0.94,0,4.45,15/06/2022 12:09:46
439,Hanover,DE,2022-06-20 09:00:00,light rain,13.4,100,0.78,0,5.86,15/06/2022 12:09:46
440,Leipzig,DE,2022-06-15 12:00:00,clear sky,25.6,3,0,0,1.14,15/06/2022 12:09:46
441,Leipzig,DE,2022-06-15 15:00:00,scattered clouds,26.3,43,0,0,1.96,15/06/2022 12:09:46
442,Leipzig,DE,2022-06-15 18:00:00,broken clouds,23.78,55,0,0,2.49,15/06/2022 12:09:46
443,Leipzig,DE,2022-06-15 21:00:00,overcast clouds,17.92,94,0,0,2.35,15/06/2022 12:09:46
444,Leipzig,DE,2022-06-16 00:00:00,broken clouds,15.15,66,0,0,1.83,15/06/2022 12:09:46
445,Leipzig,DE,2022-06-16 03:00:00,scattered clouds,13.05,49,0,0,2.4,15/06/2022 12:09:46
446,Leipzig,DE,2022-06-16 06:00:00,light rain,16.08,73,0.24,0,3.86,15/06/2022 12:09:46
447,Leipzig,DE,2022-06-16 09:00:00,light rain,20.61,90,0.45,0,3.71,15/06/2022 12:09:46
448,Leipzig,DE,2022-06-16 12:00:00,overcast clouds,24.06,86,0,0,5.07,15/06/2022 12:09:46
449,Leipzig,DE,2022-06-16 15:00:00,clear sky,24.51,3,0,0,5.7,15/06/2022 12:09:46
450,Leipzig,DE,2022-06-16 18:00:00,clear sky,21.45,2,0,0,4.33,15/06/2022 12:09:46
451,Leipzig,DE,2022-06-16 21:00:00,scattered clouds,14.73,41,0,0,1.95,15/06/2022 12:09:46
452,Leipzig,DE,2022-06-17 00:00:00,broken clouds,13.63,71,0,0,1.13,15/06/2022 12:09:46
453,Leipzig,DE,2022-06-17 03:00:00,overcast clouds,10.92,98,0,0,1.74,15/06/2022 12:09:46
454,Leipzig,DE,2022-06-17 06:00:00,overcast clouds,15.36,97,0,0,1.96,15/06/2022 12:09:46
455,Leipzig,DE,2022-06-17 09:00:00,overcast clouds,20.14,94,0,0,2.82,15/06/2022 12:09:46
456,Leipzig,DE,2022-06-17 12:00:00,overcast clouds,23.73,93,0,0,2.67,15/06/2022 12:09:46
457,Leipzig,DE,2022-06-17 15:00:00,overcast clouds,25.1,96,0,0,2.58,15/06/2022 12:09:46
458,Leipzig,DE,2022-06-17 18:00:00,overcast clouds,23.1,95,0,0,0.9,15/06/2022 12:09:46
459,Leipzig,DE,2022-06-17 21:00:00,overcast clouds,20.05,100,0,0,1.17,15/06/2022 12:09:46
460,Leipzig,DE,2022-06-18 00:00:00,overcast clouds,18.0,100,0,0,3.31,15/06/2022 12:09:46
461,Leipzig,DE,2022-06-18 03:00:00,broken clouds,15.91,78,0,0,3.38,15/06/2022 12:09:46
462,Leipzig,DE,2022-06-18 06:00:00,broken clouds,21.66,69,0,0,4.68,15/06/2022 12:09:46
463,Leipzig,DE,2022-06-18 09:00:00,scattered clouds,28.53,33,0,0,5.84,15/06/2022 12:09:46
464,Leipzig,DE,2022-06-18 12:00:00,few clouds,31.76,17,0,0,5.76,15/06/2022 12:09:46
465,Leipzig,DE,2022-06-18 15:00:00,few clouds,32.38,21,0,0,4.71,15/06/2022 12:09:46
466,Leipzig,DE,2022-06-18 18:00:00,few clouds,29.17,17,0,0,2.43,15/06/2022 12:09:46
467,Leipzig,DE,2022-06-18 21:00:00,clear sky,23.46,7,0,0,1.78,15/06/2022 12:09:46
468,Leipzig,DE,2022-06-19 00:00:00,clear sky,21.17,4,0,0,2.95,15/06/2022 12:09:46
469,Leipzig,DE,2022-06-19 03:00:00,clear sky,19.75,5,0,0,3.83,15/06/2022 12:09:46
470,Leipzig,DE,2022-06-19 06:00:00,clear sky,25.57,6,0,0,5.07,15/06/2022 12:09:46
471,Leipzig,DE,2022-06-19 09:00:00,clear sky,32.14,4,0,0,6.49,15/06/2022 12:09:46
472,Leipzig,DE,2022-06-19 12:00:00,clear sky,35.63,2,0,0,5.94,15/06/2022 12:09:46
473,Leipzig,DE,2022-06-19 15:00:00,clear sky,35.37,1,0,0,7.93,15/06/2022 12:09:46
474,Leipzig,DE,2022-06-19 18:00:00,clear sky,29.5,4,0,0,6.53,15/06/2022 12:09:46
475,Leipzig,DE,2022-06-19 21:00:00,light rain,18.98,4,1.55,0,5.09,15/06/2022 12:09:46
476,Leipzig,DE,2022-06-20 00:00:00,moderate rain,15.43,44,5.49,0,4.27,15/06/2022 12:09:46
477,Leipzig,DE,2022-06-20 03:00:00,heavy intensity rain,15.01,100,13.21,0,2.58,15/06/2022 12:09:46
478,Leipzig,DE,2022-06-20 06:00:00,light rain,13.92,100,0.59,0,5.68,15/06/2022 12:09:46
479,Leipzig,DE,2022-06-20 09:00:00,moderate rain,11.48,100,3.34,0,4.28,15/06/2022 12:09:46
480,Munich,DE,2022-06-15 12:00:00,clear sky,26.23,10,0,0,2.22,15/06/2022 12:09:46
481,Munich,DE,2022-06-15 15:00:00,clear sky,26.32,10,0,0,2.49,15/06/2022 12:09:46
482,Munich,DE,2022-06-15 18:00:00,clear sky,22.14,8,0,0,1.15,15/06/2022 12:09:46
483,Munich,DE,2022-06-15 21:00:00,light rain,17.52,1,0.12,0,2.09,15/06/2022 12:09:46
484,Munich,DE,2022-06-16 00:00:00,clear sky,15.81,2,0,0,2.77,15/06/2022 12:09:46
485,Munich,DE,2022-06-16 03:00:00,clear sky,14.69,7,0,0,2.27,15/06/2022 12:09:46
486,Munich,DE,2022-06-16 06:00:00,light rain,17.6,16,0.69,0,2.44,15/06/2022 12:09:46
487,Munich,DE,2022-06-16 09:00:00,light rain,23.55,47,0.38,0,4.54,15/06/2022 12:09:46
488,Munich,DE,2022-06-16 12:00:00,light rain,23.8,50,0.48,0,4.72,15/06/2022 12:09:46
489,Munich,DE,2022-06-16 15:00:00,light rain,24.64,45,0.18,0,5.33,15/06/2022 12:09:46
490,Munich,DE,2022-06-16 18:00:00,light rain,19.84,34,0.73,0,2.41,15/06/2022 12:09:46
491,Munich,DE,2022-06-16 21:00:00,light rain,16.42,32,0.19,0,1.49,15/06/2022 12:09:46
492,Munich,DE,2022-06-17 00:00:00,broken clouds,15.05,51,0,0,0.95,15/06/2022 12:09:46
493,Munich,DE,2022-06-17 03:00:00,broken clouds,13.59,73,0,0,1.42,15/06/2022 12:09:46
494,Munich,DE,2022-06-17 06:00:00,overcast clouds,16.39,87,0,0,1.12,15/06/2022 12:09:46
495,Munich,DE,2022-06-17 09:00:00,overcast clouds,20.38,100,0,0,1.68,15/06/2022 12:09:46
496,Munich,DE,2022-06-17 12:00:00,overcast clouds,23.81,96,0,0,2.18,15/06/2022 12:09:46
497,Munich,DE,2022-06-17 15:00:00,overcast clouds,23.71,90,0,0,2.62,15/06/2022 12:09:46
498,Munich,DE,2022-06-17 18:00:00,overcast clouds,20.23,95,0,0,1.02,15/06/2022 12:09:46
499,Munich,DE,2022-06-17 21:00:00,broken clouds,15.79,60,0,0,1.31,15/06/2022 12:09:46
500,Munich,DE,2022-06-18 00:00:00,broken clouds,14.5,71,0,0,1.5,15/06/2022 12:09:46
501,Munich,DE,2022-06-18 03:00:00,overcast clouds,13.81,90,0,0,1.86,15/06/2022 12:09:46
502,Munich,DE,2022-06-18 06:00:00,overcast clouds,18.9,87,0,0,1.04,15/06/2022 12:09:46
503,Munich,DE,2022-06-18 09:00:00,overcast clouds,24.7,94,0,0,1.98,15/06/2022 12:09:46
504,Munich,DE,2022-06-18 12:00:00,broken clouds,27.81,61,0,0,2.18,15/06/2022 12:09:46
505,Munich,DE,2022-06-18 15:00:00,few clouds,27.89,11,0,0,3.05,15/06/2022 12:09:46
506,Munich,DE,2022-06-18 18:00:00,clear sky,22.91,7,0,0,2.94,15/06/2022 12:09:46
507,Munich,DE,2022-06-18 21:00:00,clear sky,17.84,0,0,0,2.97,15/06/2022 12:09:46
508,Munich,DE,2022-06-19 00:00:00,clear sky,16.25,0,0,0,2.57,15/06/2022 12:09:46
509,Munich,DE,2022-06-19 03:00:00,clear sky,15.28,0,0,0,1.92,15/06/2022 12:09:46
510,Munich,DE,2022-06-19 06:00:00,clear sky,21.05,2,0,0,1.99,15/06/2022 12:09:46
511,Munich,DE,2022-06-19 09:00:00,clear sky,28.63,0,0,0,2.29,15/06/2022 12:09:46
512,Munich,DE,2022-06-19 12:00:00,clear sky,31.92,0,0,0,1.88,15/06/2022 12:09:46
513,Munich,DE,2022-06-19 15:00:00,clear sky,31.84,0,0,0,2.06,15/06/2022 12:09:46
514,Munich,DE,2022-06-19 18:00:00,clear sky,27.01,4,0,0,0.86,15/06/2022 12:09:46
515,Munich,DE,2022-06-19 21:00:00,few clouds,23.04,13,0,0,3.77,15/06/2022 12:09:46
516,Munich,DE,2022-06-20 00:00:00,light rain,18.72,55,1.63,0,4.66,15/06/2022 12:09:46
517,Munich,DE,2022-06-20 03:00:00,light rain,17.25,100,2.45,0,3.02,15/06/2022 12:09:46
518,Munich,DE,2022-06-20 06:00:00,broken clouds,18.9,77,0,0,4.09,15/06/2022 12:09:46
519,Munich,DE,2022-06-20 09:00:00,light rain,20.47,89,0.19,0,6.49,15/06/2022 12:09:46
520,Münster,DE,2022-06-15 12:00:00,few clouds,23.16,16,0,0,2.01,15/06/2022 12:09:46
521,Münster,DE,2022-06-15 15:00:00,scattered clouds,23.92,27,0,0,1.99,15/06/2022 12:09:46
522,Münster,DE,2022-06-15 18:00:00,scattered clouds,21.13,32,0,0,4.25,15/06/2022 12:09:46
523,Münster,DE,2022-06-15 21:00:00,few clouds,14.83,18,0,0,4.18,15/06/2022 12:09:46
524,Münster,DE,2022-06-16 00:00:00,broken clouds,12.79,56,0,0,2.45,15/06/2022 12:09:46
525,Münster,DE,2022-06-16 03:00:00,overcast clouds,11.17,94,0,0,2.67,15/06/2022 12:09:46
526,Münster,DE,2022-06-16 06:00:00,broken clouds,14.62,79,0,0,3.25,15/06/2022 12:09:46
527,Münster,DE,2022-06-16 09:00:00,clear sky,19.09,7,0,0,3.51,15/06/2022 12:09:46
528,Münster,DE,2022-06-16 12:00:00,clear sky,21.89,4,0,0,3.84,15/06/2022 12:09:46
529,Münster,DE,2022-06-16 15:00:00,clear sky,22.54,3,0,0,3.93,15/06/2022 12:09:46
530,Münster,DE,2022-06-16 18:00:00,scattered clouds,20.09,38,0,0,3.0,15/06/2022 12:09:46
531,Münster,DE,2022-06-16 21:00:00,broken clouds,15.0,56,0,0,2.31,15/06/2022 12:09:46
532,Münster,DE,2022-06-17 00:00:00,broken clouds,13.67,76,0,0,2.19,15/06/2022 12:09:46
533,Münster,DE,2022-06-17 03:00:00,overcast clouds,13.52,100,0,0,1.85,15/06/2022 12:09:46
534,Münster,DE,2022-06-17 06:00:00,overcast clouds,17.24,99,0,0,2.17,15/06/2022 12:09:46
535,Münster,DE,2022-06-17 09:00:00,overcast clouds,21.87,99,0,0,2.17,15/06/2022 12:09:46
536,Münster,DE,2022-06-17 12:00:00,overcast clouds,23.18,99,0,0,1.96,15/06/2022 12:09:46
537,Münster,DE,2022-06-17 15:00:00,overcast clouds,26.67,99,0,0,2.49,15/06/2022 12:09:46
538,Münster,DE,2022-06-17 18:00:00,overcast clouds,25.02,99,0,0,0.8,15/06/2022 12:09:46
539,Münster,DE,2022-06-17 21:00:00,overcast clouds,19.72,89,0,0,3.41,15/06/2022 12:09:46
540,Münster,DE,2022-06-18 00:00:00,overcast clouds,19.02,94,0,0,3.53,15/06/2022 12:09:46
541,Münster,DE,2022-06-18 03:00:00,scattered clouds,18.06,43,0,0,3.6,15/06/2022 12:09:46
542,Münster,DE,2022-06-18 06:00:00,few clouds,21.78,23,0,0,4.53,15/06/2022 12:09:46
543,Münster,DE,2022-06-18 09:00:00,few clouds,27.1,15,0,0,4.8,15/06/2022 12:09:46
544,Münster,DE,2022-06-18 12:00:00,few clouds,30.18,14,0,0,4.41,15/06/2022 12:09:46
545,Münster,DE,2022-06-18 15:00:00,clear sky,31.11,4,0,0,3.51,15/06/2022 12:09:46
546,Münster,DE,2022-06-18 18:00:00,clear sky,29.0,4,0,0,2.24,15/06/2022 12:09:46
547,Münster,DE,2022-06-18 21:00:00,light rain,19.92,53,0.54,0,6.51,15/06/2022 12:09:46
548,Münster,DE,2022-06-19 00:00:00,light rain,16.87,53,2.02,0,4.24,15/06/2022 12:09:46
549,Münster,DE,2022-06-19 03:00:00,broken clouds,15.71,58,0,0,3.77,15/06/2022 12:09:46
550,Münster,DE,2022-06-19 06:00:00,broken clouds,15.31,77,0,0,5.29,15/06/2022 12:09:46
551,Münster,DE,2022-06-19 09:00:00,overcast clouds,17.85,98,0,0,4.38,15/06/2022 12:09:46
552,Münster,DE,2022-06-19 12:00:00,overcast clouds,22.29,97,0,0,4.39,15/06/2022 12:09:46
553,Münster,DE,2022-06-19 15:00:00,overcast clouds,18.97,93,0,0,7.01,15/06/2022 12:09:46
554,Münster,DE,2022-06-19 18:00:00,light rain,15.6,87,1.12,0,4.87,15/06/2022 12:09:46
555,Münster,DE,2022-06-19 21:00:00,light rain,12.82,100,0.74,0,4.04,15/06/2022 12:09:46
556,Münster,DE,2022-06-20 00:00:00,light rain,12.11,100,0.13,0,2.7,15/06/2022 12:09:46
557,Münster,DE,2022-06-20 03:00:00,overcast clouds,11.44,100,0,0,3.89,15/06/2022 12:09:46
558,Münster,DE,2022-06-20 06:00:00,light rain,10.79,100,2.27,0,3.16,15/06/2022 12:09:46
559,Münster,DE,2022-06-20 09:00:00,light rain,15.23,82,0.31,0,6.13,15/06/2022 12:09:46
560,Nuremberg,DE,2022-06-15 12:00:00,clear sky,26.79,2,0,0,1.76,15/06/2022 12:09:46
561,Nuremberg,DE,2022-06-15 15:00:00,few clouds,27.7,17,0,0,2.35,15/06/2022 12:09:46
562,Nuremberg,DE,2022-06-15 18:00:00,few clouds,23.89,16,0,0,2.2,15/06/2022 12:09:46
563,Nuremberg,DE,2022-06-15 21:00:00,clear sky,17.92,0,0,0,0.33,15/06/2022 12:09:46
564,Nuremberg,DE,2022-06-16 00:00:00,clear sky,16.63,2,0,0,0.9,15/06/2022 12:09:46
565,Nuremberg,DE,2022-06-16 03:00:00,broken clouds,15.89,66,0,0,1.15,15/06/2022 12:09:46
566,Nuremberg,DE,2022-06-16 06:00:00,broken clouds,19.67,69,0,0,0.64,15/06/2022 12:09:46
567,Nuremberg,DE,2022-06-16 09:00:00,broken clouds,23.82,60,0,0,3.32,15/06/2022 12:09:46
568,Nuremberg,DE,2022-06-16 12:00:00,scattered clouds,26.72,50,0,0,4.85,15/06/2022 12:09:46
569,Nuremberg,DE,2022-06-16 15:00:00,scattered clouds,25.53,33,0,0,5.4,15/06/2022 12:09:46
570,Nuremberg,DE,2022-06-16 18:00:00,scattered clouds,22.37,28,0,0,3.55,15/06/2022 12:09:46
571,Nuremberg,DE,2022-06-16 21:00:00,scattered clouds,16.18,31,0,0,2.05,15/06/2022 12:09:46
572,Nuremberg,DE,2022-06-17 00:00:00,scattered clouds,13.94,47,0,0,1.2,15/06/2022 12:09:46
573,Nuremberg,DE,2022-06-17 03:00:00,overcast clouds,13.13,90,0,0,1.28,15/06/2022 12:09:46
574,Nuremberg,DE,2022-06-17 06:00:00,overcast clouds,15.64,95,0,0,1.49,15/06/2022 12:09:46
575,Nuremberg,DE,2022-06-17 09:00:00,overcast clouds,21.49,100,0,0,1.91,15/06/2022 12:09:46
576,Nuremberg,DE,2022-06-17 12:00:00,overcast clouds,25.02,98,0,0,2.25,15/06/2022 12:09:46
577,Nuremberg,DE,2022-06-17 15:00:00,overcast clouds,25.0,100,0,0,2.68,15/06/2022 12:09:46
578,Nuremberg,DE,2022-06-17 18:00:00,overcast clouds,21.4,100,0,0,2.57,15/06/2022 12:09:46
579,Nuremberg,DE,2022-06-17 21:00:00,broken clouds,16.8,84,0,0,0.22,15/06/2022 12:09:46
580,Nuremberg,DE,2022-06-18 00:00:00,broken clouds,15.61,79,0,0,1.33,15/06/2022 12:09:46
581,Nuremberg,DE,2022-06-18 03:00:00,scattered clouds,14.5,47,0,0,1.53,15/06/2022 12:09:46
582,Nuremberg,DE,2022-06-18 06:00:00,scattered clouds,19.72,44,0,0,1.75,15/06/2022 12:09:46
583,Nuremberg,DE,2022-06-18 09:00:00,few clouds,26.88,21,0,0,1.71,15/06/2022 12:09:46
584,Nuremberg,DE,2022-06-18 12:00:00,few clouds,30.59,16,0,0,2.26,15/06/2022 12:09:46
585,Nuremberg,DE,2022-06-18 15:00:00,clear sky,30.8,0,0,0,2.56,15/06/2022 12:09:46
586,Nuremberg,DE,2022-06-18 18:00:00,clear sky,26.98,0,0,0,0.66,15/06/2022 12:09:46
587,Nuremberg,DE,2022-06-18 21:00:00,clear sky,21.22,0,0,0,2.28,15/06/2022 12:09:46
588,Nuremberg,DE,2022-06-19 00:00:00,clear sky,18.72,0,0,0,2.18,15/06/2022 12:09:46
589,Nuremberg,DE,2022-06-19 03:00:00,clear sky,16.97,0,0,0,2.46,15/06/2022 12:09:46
590,Nuremberg,DE,2022-06-19 06:00:00,clear sky,21.71,0,0,0,4.32,15/06/2022 12:09:46
591,Nuremberg,DE,2022-06-19 09:00:00,clear sky,28.21,0,0,0,2.44,15/06/2022 12:09:46
592,Nuremberg,DE,2022-06-19 12:00:00,clear sky,32.3,0,0,0,5.2,15/06/2022 12:09:46
593,Nuremberg,DE,2022-06-19 15:00:00,clear sky,32.83,0,0,0,4.64,15/06/2022 12:09:46
594,Nuremberg,DE,2022-06-19 18:00:00,clear sky,29.23,0,0,0,1.95,15/06/2022 12:09:46
595,Nuremberg,DE,2022-06-19 21:00:00,clear sky,23.52,0,0,0,2.85,15/06/2022 12:09:46
596,Nuremberg,DE,2022-06-20 00:00:00,light rain,20.2,40,0.75,0,8.11,15/06/2022 12:09:46
597,Nuremberg,DE,2022-06-20 03:00:00,light rain,16.91,69,1.48,0,3.97,15/06/2022 12:09:46
598,Nuremberg,DE,2022-06-20 06:00:00,light rain,18.04,59,0.29,0,5.16,15/06/2022 12:09:46
599,Nuremberg,DE,2022-06-20 09:00:00,light rain,20.77,49,0.42,0,8.4,15/06/2022 12:09:46
600,Stuttgart,DE,2022-06-15 12:00:00,clear sky,27.03,6,0,0,1.17,15/06/2022 12:09:46
601,Stuttgart,DE,2022-06-15 15:00:00,clear sky,28.03,3,0,0,2.3,15/06/2022 12:09:46
602,Stuttgart,DE,2022-06-15 18:00:00,clear sky,25.2,2,0,0,1.12,15/06/2022 12:09:46
603,Stuttgart,DE,2022-06-15 21:00:00,clear sky,19.91,0,0,0,1.59,15/06/2022 12:09:46
604,Stuttgart,DE,2022-06-16 00:00:00,clear sky,17.94,1,0,0,1.71,15/06/2022 12:09:46
605,Stuttgart,DE,2022-06-16 03:00:00,few clouds,16.64,18,0,0,1.59,15/06/2022 12:09:46
606,Stuttgart,DE,2022-06-16 06:00:00,scattered clouds,20.65,31,0,0,0.99,15/06/2022 12:09:46
607,Stuttgart,DE,2022-06-16 09:00:00,few clouds,24.89,13,0,0,3.99,15/06/2022 12:09:46
608,Stuttgart,DE,2022-06-16 12:00:00,few clouds,27.06,13,0,0,4.11,15/06/2022 12:09:46
609,Stuttgart,DE,2022-06-16 15:00:00,few clouds,27.99,15,0,0,3.88,15/06/2022 12:09:46
610,Stuttgart,DE,2022-06-16 18:00:00,scattered clouds,24.0,39,0,0,2.48,15/06/2022 12:09:46
611,Stuttgart,DE,2022-06-16 21:00:00,broken clouds,18.51,58,0,0,0.76,15/06/2022 12:09:46
612,Stuttgart,DE,2022-06-17 00:00:00,broken clouds,15.81,67,0,0,0.73,15/06/2022 12:09:46
613,Stuttgart,DE,2022-06-17 03:00:00,overcast clouds,14.74,100,0,0,0.31,15/06/2022 12:09:46
614,Stuttgart,DE,2022-06-17 06:00:00,overcast clouds,17.86,100,0,0,0.23,15/06/2022 12:09:46
615,Stuttgart,DE,2022-06-17 09:00:00,overcast clouds,23.44,100,0,0,1.66,15/06/2022 12:09:46
616,Stuttgart,DE,2022-06-17 12:00:00,overcast clouds,26.94,99,0,0,1.44,15/06/2022 12:09:46
617,Stuttgart,DE,2022-06-17 15:00:00,overcast clouds,26.81,100,0,0,1.54,15/06/2022 12:09:46
618,Stuttgart,DE,2022-06-17 18:00:00,overcast clouds,24.18,100,0,0,1.57,15/06/2022 12:09:46
619,Stuttgart,DE,2022-06-17 21:00:00,overcast clouds,18.92,100,0,0,1.4,15/06/2022 12:09:46
620,Stuttgart,DE,2022-06-18 00:00:00,overcast clouds,17.1,93,0,0,1.6,15/06/2022 12:09:46
621,Stuttgart,DE,2022-06-18 03:00:00,scattered clouds,16.06,50,0,0,1.62,15/06/2022 12:09:46
622,Stuttgart,DE,2022-06-18 06:00:00,scattered clouds,20.77,33,0,0,1.58,15/06/2022 12:09:46
623,Stuttgart,DE,2022-06-18 09:00:00,few clouds,27.96,17,0,0,1.53,15/06/2022 12:09:46
624,Stuttgart,DE,2022-06-18 12:00:00,few clouds,31.6,11,0,0,2.08,15/06/2022 12:09:46
625,Stuttgart,DE,2022-06-18 15:00:00,clear sky,32.11,0,0,0,2.48,15/06/2022 12:09:46
626,Stuttgart,DE,2022-06-18 18:00:00,clear sky,27.81,0,0,0,2.62,15/06/2022 12:09:46
627,Stuttgart,DE,2022-06-18 21:00:00,clear sky,21.56,0,0,0,1.8,15/06/2022 12:09:46
628,Stuttgart,DE,2022-06-19 00:00:00,clear sky,18.94,0,0,0,1.58,15/06/2022 12:09:46
629,Stuttgart,DE,2022-06-19 03:00:00,clear sky,17.06,0,0,0,1.8,15/06/2022 12:09:46
630,Stuttgart,DE,2022-06-19 06:00:00,clear sky,21.58,0,0,0,1.84,15/06/2022 12:09:46
631,Stuttgart,DE,2022-06-19 09:00:00,clear sky,30.06,0,0,0,2.77,15/06/2022 12:09:46
632,Stuttgart,DE,2022-06-19 12:00:00,clear sky,34.72,0,0,0,5.22,15/06/2022 12:09:46
633,Stuttgart,DE,2022-06-19 15:00:00,clear sky,34.26,0,0,0,5.01,15/06/2022 12:09:46
634,Stuttgart,DE,2022-06-19 18:00:00,clear sky,29.99,0,0,0,2.01,15/06/2022 12:09:46
635,Stuttgart,DE,2022-06-19 21:00:00,light rain,23.77,12,0.19,0,2.58,15/06/2022 12:09:46
636,Stuttgart,DE,2022-06-20 00:00:00,moderate rain,16.66,45,3.3,0,1.77,15/06/2022 12:09:46
637,Stuttgart,DE,2022-06-20 03:00:00,light rain,16.03,67,0.85,0,2.41,15/06/2022 12:09:46
638,Stuttgart,DE,2022-06-20 06:00:00,light rain,18.72,70,0.89,0,4.94,15/06/2022 12:09:46
639,Stuttgart,DE,2022-06-20 09:00:00,light rain,18.67,56,0.11,0,6.94,15/06/2022 12:09:46
